deal_id,cik,company_name,sic,first_filed,last_filed,filings,n_filings
1,0000002488,ADVANCED MICRO DEVICES INC,3674,2020-10-27,2021-06-30,"425,425,S-4,425,S-4/A,S-4/A,S-4/A,425,425",9
2,0000002601,AEROFLEX INC,3674,2003-07-31,2003-08-19,"S-4,S-4/A",2
3,0000002601,AEROFLEX INC,3674,2008-12-11,2009-01-16,"S-4,S-4/A",2
4,0000003721,ALLEN TELECOM INC,3663,2003-02-18,2003-07-11,"425,425,425,425,425,425,425,425,425,425,425,425,425,425,425,425,425,425,425,425,425,425,425,425,425,425,425,425,425,425,425,425,425,425,425,425,425,425,425",39
5,0000006281,ANALOG DEVICES INC,3674,2020-07-13,2020-09-30,"425,425,425,425,425,425,425,425,425,425,425,425,S-4,425,425,425,S-4/A,425,425,425",20
6,0000006281,ANALOG DEVICES INC,3674,2023-08-02,2023-08-02,S-4,1
7,0000006292,ANALYSTS INTERNATIONAL CORP,7371,2005-04-13,2005-08-17,"425,425,425,425,425,425",6
8,0000006951,APPLIED MATERIALS INC /DE,3674,2013-09-24,2014-05-14,"425,425,425,425,425,425,425,425,425,425,425,425,425,425,425,425,425,425,425,425,425",21
9,0000016357,AB LIQUIDATING CORP,3663,1995-02-03,1995-05-01,"S-4,S-4/A,S-4/A,S-4/A,S-4/A",5
10,0000016357,AB LIQUIDATING CORP,3663,2000-11-13,2001-01-11,"425,425,425,425,425,425,425,425,425,425,425,425,425,425,425,425,425,425,425,425,425,425,425,425,425,425,425",27
11,0000022698,COMSAT CORP,4899,1994-05-03,1994-05-03,S-4,1
12,0000023197,COMTECH TELECOMMUNICATIONS CORP /DE/,3663,2020-01-29,2020-09-29,"425,425,425,425,425,S-4,425,425,S-4/A,425,425,425,425,425,425,425,425",17
13,0000026990,DATA DIMENSIONS INC,7371,2001-03-08,2001-03-13,"425,425,425,425,425,425",6
14,0000027116,DATRON SYSTEMS INC/DE,3663,2001-06-25,2001-08-06,"425,425,425,425,425,425,425,425",8
15,0000040656,GENERAL SEMICONDUCTOR INC,3663,1995-09-06,1995-09-25,"S-4,S-4/A,S-4/A",3
16,0000040656,GENERAL SEMICONDUCTOR INC,3663,2001-04-03,2001-08-08,"425,425,425,425",4
17,0000045635,HARMON INDUSTRIES INC,3669,2000-07-17,2000-09-01,"425,425,425,425,425,425,425,425",8
18,0000049615,ID SYSTEMS INC,3669,2019-03-13,2019-08-29,"425,425,425,425,425,425,425,425,425,425,425",11
19,0000061478,ADC TELECOMMUNICATIONS INC,3661,1996-02-06,1996-02-23,"S-4,S-4/A,S-4/A",3
20,0000061478,ADC TELECOMMUNICATIONS INC,3661,2000-02-24,2000-09-20,"425,425,S-4,425,S-4/A,425",6
21,0000061478,ADC TELECOMMUNICATIONS INC,3661,2006-05-31,2006-08-02,"425,425,425,425,425,425,425,425,425,425,425,425,425,425,425,S-4,425,425,425,425,425,425",22
22,0000065743,MICRODYNE CORP,3576,2002-09-18,2005-11-23,"S-4,S-4,S-4,S-4,S-4",5
23,0000065743,MICRODYNE CORP,3576,2010-03-26,2010-03-26,S-4,1
24,0000065745,AMATI COMMUNICATIONS CORP,3576,1995-08-23,1995-10-16,"S-4,S-4/A,S-4/A,S-4/A",4
25,0000316004,ALCATEL USA INC,3661,1997-11-05,1997-11-05,S-4,1
26,0000318378,BANCTEC INC,3577,1995-06-20,1995-09-01,"S-4,S-4/A,S-4/A,S-4/A",4
27,0000318378,BANCTEC INC,3577,1998-06-10,1998-08-28,"S-4,S-4/A",2
28,0000319237,CERPLEX GROUP INC/DE,7370,1998-03-26,1998-03-26,S-4,1
29,0000350621,C-COR INC,3663,2007-09-25,2007-11-15,"425,425,425,425,425,425",6
30,0000350868,"ITERIS, INC.",3669,2021-03-01,2021-03-01,425,1
31,0000701319,COMPUTER NETWORK TECHNOLOGY CORP,3576,2005-01-18,2005-05-25,"425,425,425,425,425,425,425,425,425,425,425,425,425,425,425,425,425,425,425,425,425,425,425,425,425,425,425,425,425,425,425,425,425,425,425,425,425,425,425,425,425,425,425",43
32,0000711065,APPLIED MICRO CIRCUITS CORP,3674,2016-11-21,2016-12-14,"425,425,425,425,425,425,425,425,425,425,425,425,425,425,425",15
33,0000713138,MEDIA 100 INC,3577,2000-03-15,2000-04-04,"S-4,S-4/A",2
34,0000714981,INTERFACE SYSTEMS INC,3577,2000-06-29,2000-08-03,"425,425",2
35,0000715031,HOME DIRECTOR INC,3669,2002-08-02,2002-10-28,"S-4,S-4/A",2
36,0000717751,"INTERNATIONAL ELECTRONICS, LLC",3669,2008-08-11,2008-09-11,"S-4,S-4/A",2
37,0000718877,"Activision Blizzard, Inc.",7372,2017-03-17,2017-03-17,S-4,1
38,0000720031,COMPTEK RESEARCH INC/NY,7371,2000-06-12,2000-08-24,"425,425,425,425,425,425,425,425,425,425,425,425,425",13
39,0000731502,MCDATA CORP,3669,2005-01-18,2005-05-25,"425,425,425,425,425,S-4,425,425,425,425,425,425,425,425,425,S-4/A,425,425,425,425,425,425,425,425",24
40,0000731502,MCDATA CORP,3669,2006-08-08,2007-01-25,"425,425,425,425,425,425,425,425,425,425,425,425,425,425,425,425,425,425,425,425,425,425,425,425,425,425,425,425,425,425,425,425,425,425,425,425,425,425,425,425,425,425,425,425,425,425,425,425,425,425,425,425,425",53
41,0000731502,MCDATA CORP,3669,2010-06-18,2010-08-10,"S-4,S-4/A",2
42,0000738076,3COM CORP,3576,1995-03-23,1995-08-31,"S-4,S-4/A,S-4/A,S-4/A,S-4/A,S-4",6
43,0000738076,3COM CORP,3576,1996-10-11,1997-10-29,"S-4,S-4,S-4/A,S-4/A,S-4/A,S-4",6
44,0000764244,INTERVOICE INC,3661,1999-06-02,1999-07-13,"S-4,S-4/A",2
45,0000768892,"BPO Management Services, Inc.",7371,2000-02-11,2001-01-29,"S-4,S-4/A,S-4/A,425,S-4/A,S-4/A,S-4/A,S-4/A,425,425,425,425,425,425,425",15
46,0000768892,"BPO Management Services, Inc.",7371,2008-09-08,2008-11-20,"425,425,425,425,425,425,425,425,425,425,425,425,425,425,425,425,425,425,425",19
47,0000771252,DIGITAL ANGEL CORP,3669,2007-08-09,2007-12-18,"425,425,425,425,425,425,425,425,425,425,425,425",12
48,0000796343,ADOBE INC.,7372,2022-09-15,2023-01-11,"425,425,425,425,425,425,425,425,425,425,425,425,425,425,425,S-4,425,S-4/A,425",19
49,0000801448,ELCOTEL INC,3661,1997-10-22,1997-10-28,"S-4,S-4/A",2
50,0000803014,COMVERSE TECHNOLOGY INC/NY/,3661,1997-11-28,1997-11-28,S-4,1
51,0000803014,COMVERSE TECHNOLOGY INC/NY/,3661,2000-05-16,2000-06-07,"S-4,S-4/A",2
52,0000803014,COMVERSE TECHNOLOGY INC/NY/,3661,2004-11-30,2004-12-21,"S-4,S-4/A",2
53,0000803014,COMVERSE TECHNOLOGY INC/NY/,3661,2012-08-13,2013-02-04,"425,425,425,425,425,425,425,425,425,425,425,425,425",13
54,0000804888,ACCLAIM ENTERTAINMENT INC,7372,1995-04-27,1995-06-20,"S-4,S-4/A,S-4/A",3
55,0000807863,MITEK SYSTEMS INC,3577,2006-07-14,2006-11-13,"425,425,S-4,425",4
56,0000808918,"EDCI HOLDINGS, INC.",3663,1995-03-09,1995-03-24,"S-4/A,S-4/A",2
57,0000808918,"EDCI HOLDINGS, INC.",3663,1996-11-08,1996-11-08,S-4,1
58,0000808918,"EDCI HOLDINGS, INC.",3663,2008-06-04,2008-08-06,"S-4,S-4/A,425,425",4
59,0000816530,BAY NETWORKS INC /DE/,3577,1996-10-16,1996-10-16,S-4,1
60,0000844843,GEOTEK COMMUNICATIONS INC,3663,1995-09-01,1995-10-16,"S-4,S-4/A,S-4/A",3
61,0000846909,ENTERASYS NETWORKS INC /DE/,3576,1996-06-19,1996-12-24,"S-4,S-4/A,S-4/A,S-4/A,S-4,S-4",6
62,0000846909,ENTERASYS NETWORKS INC /DE/,3576,1998-02-12,1998-08-19,"S-4,S-4/A,S-4,S-4,S-4/A,S-4/A",6
63,0000846909,ENTERASYS NETWORKS INC /DE/,3576,2000-10-12,2000-12-08,"S-4,S-4/A,S-4/A",3
64,0000849433,ANSOFT CORP,7372,1999-11-22,1999-11-22,S-4,1
65,0000849433,ANSOFT CORP,7372,2008-03-31,2008-06-23,"425,425,425,425,425",5
66,0000849547,BLACK BOX CORP,3576,1998-05-18,1999-05-06,"S-4,S-4,S-4/A",3
67,0000849547,BLACK BOX CORP,3576,2000-08-14,2001-07-05,"S-4,S-4",2
68,0000852637,BRITE VOICE SYSTEMS INC,3661,1999-06-02,1999-06-02,S-4,1
69,0000858877,"CISCO SYSTEMS, INC.",3576,2023-09-21,2023-09-21,425,1
70,0000863650,ADAM INC,7372,2010-08-30,2010-11-09,"425,425,425",3
71,0000866291,"ALLEGRO MICROSYSTEMS, INC.",3674,2025-03-06,2025-03-06,425,1
72,0000869554,ACTIVE VOICE CORP,3661,2000-11-13,2000-12-06,"425,425,425,425,425",5
73,0000869986,ADVANCED PHOTONIX INC,3674,2015-02-02,2015-04-22,"425,425,425,425,425,425,425,425,425,425,425,425,425,425,425,425,425",17
74,0000872448,ATMEL CORP,3674,2015-09-21,2016-03-17,"425,425,425,425,425,425,425,425,425,425,425,425,425,425,425,425,425,425,425,425,425,425,425,425,425,425,425,425,425,425,425,425,425,425,425,425,425,425,425,425,425,425,425,425,425,425,425,425,425,425,425,425,425,425,425,425,425,425,425,425,425,425,425,425,425,425,425,425,425,425,425,425,425,425,425,425,425,425,425,425,425",81
75,0000872901,EFAX COM INC,3577,2000-04-06,2000-11-22,"425,425,425,425,425",5
76,0000881283,DESTRON FEARING CORP /DE/,3663,2000-05-08,2000-08-28,"425,425,425,425",4
77,0000881581,MERANT PLC,3577,2004-03-04,2004-05-19,"425,425,425,425,425,425,425,425,425,425,425,425",12
78,0000883780,AOL LLC,7370,1999-02-17,2000-06-21,"S-4,S-4,425,425,425,425,S-4,425,S-4/A,425,425,425,425,425,425,S-4/A,425,425,425,425,425",21
79,0000884719,FOCUS ENHANCEMENTS INC,3576,2000-10-30,2000-11-22,"S-4,S-4/A",2
80,0000884719,FOCUS ENHANCEMENTS INC,3576,2004-02-03,2004-04-19,"425,425,S-4,425,425,425,425,S-4/A,425,425,425,S-4/A,425,425,425,425",16
81,0000886125,ALCATEL LUCENT,3661,2002-01-22,2002-01-25,"425,425",2
82,0000886125,ALCATEL LUCENT,3661,2006-04-03,2006-08-23,"425,425,425,425,425,425,425,425,425,425,425,425,425,425,425,425,425,425,425,425,425,425,425,425,425,425,425,425,425,425",30
83,0000886125,ALCATEL LUCENT,3661,2015-04-15,2016-02-26,"425,425,425,425,425,425,425,425,425,425,425,425,425,425,425,425,425,425,425,425,425,425,425,425,425,425,425,425,425,425,425,425,425,425,425,425,425,425,425,425,425,425,425,425,425,425,425,425,425,425,425,425,425,425,425,425,425,425,425,425,425,425,425,425,425,425,425,425,425,425,425,425,425,425,425,425,425,425,425,425,425,425,425,425,425,425,425,425,425,425,425,425,425,425,425,425,425,425,425,425,425,425,425,425,425,425,425,425,425,425,425,425,425,425,425,425,425,425,425,425,425,425,425,425,425,425,425,425,425,425,425,425,425,425,425,425,425",137
84,0000887433,AMPEX CORP /DE/,3663,1998-03-20,1998-10-30,"S-4,S-4,S-4/A",3
85,0000889237,NX NETWORKS INC,3576,1999-11-19,1999-11-19,S-4,1
86,0000896043,C MAC INDUSTRIES INC,7371,2001-08-09,2001-12-03,"425,425,425,425,425,425,425,425,425,425,425,425,425,425,425,425",16
87,0000897322,GILAT SATELLITE NETWORKS LTD,3663,2020-01-29,2020-09-29,"425,425,425,425,425,425,425,425,425,425,425,425,425,425,425,425,425,425,425,425,425",21
88,0000898805,ADVANCED FIBRE COMMUNICATIONS INC,3661,2004-05-20,2004-11-22,"425,425,425,425,425,425,425,425,425,425,425,425,425,425,425,425,425,425,425,425,425,425,425,425,425,425,425,425,425,425,425,425,425,425",34
89,0000899636,CATALYST SEMICONDUCTOR INC,3674,2008-07-17,2008-10-09,"425,425,425,425,425,425,425,425,425,425,425,425,425,425,425",15
90,0000908605,CASTELLE \CA\,3577,1996-10-24,1996-10-24,S-4,1
91,0000908605,CASTELLE \CA\,3577,2007-04-30,2007-04-30,425,1
92,0000908610,ANTEC CORP,3663,1996-12-31,1996-12-31,S-4,1
93,0000908610,ANTEC CORP,3663,2000-10-18,2001-07-18,"425,425,425,425,425,425,425,425,425,S-4,425,425,425",13
94,0000910638,3D SYSTEMS CORP,7372,2023-06-05,2023-09-29,"425,425,425,425,425,425,425,425,425,425,425,425,425,425,425,425,425",17
95,0000913599,ENCAD INC,3577,2001-11-15,2001-11-15,425,1
96,0000917639,CIDCO INC,3661,2000-09-15,2000-09-19,"425,425",2
97,0000918581,"CMTSU Liquidation, Inc.",7371,2017-03-13,2017-03-13,425,1
98,0000919006,CENTENNIAL TECHNOLOGIES INC,3577,2001-01-23,2001-01-23,"425,425",2
99,0000919870,C CUBE MICROSYSTEMS INC,3577,1996-06-24,1996-08-08,"S-4,S-4/A,S-4/A",3
100,0000920636,ANCOR COMMUNICATIONS INC /MN/,3576,2000-05-08,2000-06-22,"425,425,425,425,425",5
101,0000921146,ASCEND COMMUNICATIONS INC,3576,1996-07-11,1997-04-22,"S-4,S-4,S-4,S-4/A",4
102,0000921146,ASCEND COMMUNICATIONS INC,3576,1998-08-26,1998-09-09,"S-4,S-4/A",2
103,0000923071,IPC INFORMATION SYSTEMS INC,3661,1998-02-13,1998-04-09,"S-4,S-4/A,S-4/A,S-4/A",4
104,0000926282,"ADTRAN Holdings, Inc.",3661,2021-08-30,2022-07-08,"425,425,425,425,425,425,425,425,425,425,425,425,425,425,425,425,425,425,425,425,425,425,425,425,425,425,425,425,425,425,425,425,425,425,425,425,425,425,425,425,425,425,425,425,425,425,425,425,425,425,425,425,425,425,425,425,425,425,425,425,425,425,425,425,425,425,425,425,425,425,425,425,425,425,425,425,425,425,425",79
105,0000929940,ASPENTECH Corp,7371,2021-10-12,2022-05-04,"425,425,425,425,425,425,425,425,425,425,425,425,425,425,425,425,425,425,425,425,425,425,425,425,425,425,425,425,425,425,425,425,425",33
106,0000930542,INTERLOGIX INC,3669,2001-12-18,2002-02-21,"425,425,425,425,425,425,425,425,425,425,425,425",12
107,0000935036,"ACI WORLDWIDE, INC.",7372,2012-02-16,2012-02-16,425,1
108,0000935493,AZZURRA HOLDING CORP,3663,2002-09-10,2002-09-25,"425,425,425",3
109,0000935493,AZZURRA HOLDING CORP,3663,2005-11-17,2006-03-28,"425,425,425,S-4,425,S-4/A,425",7
110,0000942132,ACT NETWORKS INC,3576,2000-05-02,2000-08-11,"425,425,425,425,425,425",6
111,0000944868,DIRECTV GROUP INC,4899,2001-05-03,2003-12-22,"425,425,425,425,425,425,425,425,425,425,425,425,425,425,425,425,425,425,425,425,425,425,425,425,425,425,425,425,425,425,425,425,425,425,425,425,425,425,425,425,425,425,425,425,425,425,425,425,425,425,425,425,425,425,425,425,425,425,425,425,425,425,425,425,425,425,425,425,425,425,425,425,425,425,425,425,425,425,425,425,425,425,425,425,425,425,425,425,425,425,425,425,425,425,425,425,425,425,425,425,425,425,425,425,425,425,425,425,425,425,425,425,425,425,425,425,425,425,425,425,425,425,425,425,425,425,425,425,425,425,425,425,425,425,425,425,425,425,425,425,425,425,425,425,425,425,425,425,425,425,425,425,425,425,425,425,425,425,425,425,425,425,425,425,425,425,425,425,425,425,425,425,425,425,425,425,425,425,425,425,425,425,425,425,425,425,425,425,425,425,425,425,425,425,425,425,425,425,425,425,425,425,425,425,425,425,425,425,425,425,425,425,425,425,425,425,425,425,425,425,425,425,425,425,425,425,425,425,425,425,425,425,425,425,425,425,425,425,425,425,425,425,425,425,425,425,425,425,425,425,425,425,425,425,425,425,425,425,425,425,425,425,425,425,425,425,425,425,425,425,S-4,425,425,425,S-4/A,S-4/A,425,425,425,425,425,425,425,425,425,425,425,425,425,425,425,425,425,425",294
112,0000944868,DIRECTV GROUP INC,4899,2009-05-04,2009-11-12,"425,425,425,425,425,425,425,425,425,425,425,425,425,425,425,425",16
113,0000945384,CICERO INC,7371,1999-11-22,1999-11-29,"S-4,S-4/A",2
114,0000945384,CICERO INC,7371,2005-02-15,2005-02-15,S-4,1
115,0000946360,CYBEX COMPUTER PRODUCTS CORP,3576,2000-03-08,2000-06-02,"425,425,425,425,425,425,425,425,425,425,425",11
116,0001000695,ENTRADA NETWORKS INC,3577,2000-05-18,2000-08-04,"425,S-4,S-4/A,425,425,S-4/A,425",7
117,0001001289,LUMISYS INC \DE\,3577,1997-11-04,1997-11-04,S-4,1
118,0001001921,ANSA COMMUNICATIONS INC,3663,1995-10-16,1995-10-16,S-4/A,1
119,0001001926,CLW COMMUNICATIONS INC,3663,1995-10-16,1995-10-16,S-4/A,1
120,0001001935,CUMULOUS HOLDING CORP INC,3663,1995-10-16,1995-10-16,S-4/A,1
121,0001001940,GEOTEK ACQUISITION CORP,3663,1995-10-16,1995-10-16,S-4/A,1
122,0001001946,GEOTEK SUBSIDIARY INDUSTRIES INC,3663,1995-10-16,1995-10-16,S-4/A,1
123,0001002225,ADVENT SOFTWARE INC /DE/,7371,2016-04-08,2016-04-08,S-4,1
124,0001002388,"ACCELRYS, INC.",7372,1998-03-06,1998-06-22,"S-4,S-4/A,S-4/A,S-4/A,S-4/A,S-4/A",6
125,0001002388,"ACCELRYS, INC.",7372,2001-08-22,2002-01-17,"425,425,425,S-4,425,425,425,S-4/A,425,S-4/A,S-4/A,425,425,425,425,425,425,425,425,425,425",21
126,0001002388,"ACCELRYS, INC.",7372,2010-04-05,2010-06-30,"425,425,425,425,425,425,425,425,425,425,425,425,425,425,425,S-4,425,425,S-4/A,425,425,425,425,425,425,425",26
127,0001004233,ENTERTAINMENT DIGITAL NETWORK INC/DE,4899,2001-06-04,2001-06-04,425,1
128,0001005230,CYLINK CORP /CA/,3577,2002-10-31,2003-01-28,"425,425",2
129,0001006240,ALCATEL-LUCENT USA INC.,3661,1997-10-23,1997-12-18,"S-4,S-4/A,S-4,S-4/A",4
130,0001006240,ALCATEL-LUCENT USA INC.,3661,1999-05-21,2000-08-17,"S-4,S-4,S-4,S-4,S-4,S-4/A,425,425,S-4,S-4,S-4/A,S-4/A,425,425,S-4,S-4/A",16
131,0001006240,ALCATEL-LUCENT USA INC.,3661,2004-05-24,2004-07-19,"425,425,S-4,S-4/A",4
132,0001006240,ALCATEL-LUCENT USA INC.,3661,2006-04-03,2006-08-23,"425,425,425,425,425,425,425,425,425,425,425,425,425,425,425,425,425,425,425,425,425,425,425,425,425,425,425,425,425,425",30
133,0001009626,BROCADE COMMUNICATIONS SYSTEMS INC,3576,2006-11-22,2007-01-24,"425,S-4/A,425,425,425",5
134,0001009626,BROCADE COMMUNICATIONS SYSTEMS INC,3576,2008-07-21,2008-10-16,"425,425,425,425,425,425,425,S-4,425,425,425,425,S-4/A,S-4/A,425,425,425",17
135,0001009626,BROCADE COMMUNICATIONS SYSTEMS INC,3576,2010-06-18,2010-08-10,"S-4,S-4/A",2
136,0001009626,BROCADE COMMUNICATIONS SYSTEMS INC,3576,2016-04-04,2016-05-23,"425,425,425,425,425,425,425,425,425,425,425,425,S-4,425,425,425,425,S-4/A,425",19
137,0001010026,3DFX INTERACTIVE INC,7372,1999-04-15,1999-04-15,S-4,1
138,0001010026,3DFX INTERACTIVE INC,7372,2000-06-06,2001-02-15,"S-4,425,425,425,425,425,425,425,425,425,425,425,425,425,425,425",16
139,0001010138,DBT ONLINE INC,7370,1996-07-19,1996-08-16,"S-4/A,S-4/A,S-4",3
140,0001010138,DBT ONLINE INC,7370,2000-02-16,2000-05-04,"425,425,425,425,425,425,425,425",8
141,0001011601,ACTIVECORE TECHNOLOGIES INC,7372,2005-01-20,2005-02-08,"425,425",2
142,0001012482,NETOPIA INC,3576,2001-01-24,2001-02-01,"425,425,425,425,425,425",6
143,0001013462,ANSYS INC,7372,2024-01-16,2025-07-17,"425,425,425,425,425,425,425,425,425,425,425,425,425,425,425,425,425,425,425,425,425,425,425,425,425,425,425,425,425,425,425",31
144,0001014763,"Ainos, Inc.",3577,2015-09-16,2015-09-16,425,1
145,0001014852,EARTHWATCH INC,3663,2000-06-13,2000-07-11,"S-4,S-4/A",2
146,0001016139,ALLAIRE CORP,7372,2001-01-17,2001-03-08,"425,425,425,425,425,425,425",7
147,0001018074,CARRIER ACCESS CORP,3661,2007-12-26,2007-12-26,425,1
148,0001020620,AT HOME CORP,7370,1999-04-27,2000-11-03,"S-4,S-4,S-4,S-4/A",4
149,0001022652,INSEEGO CORP.,3669,2016-12-08,2017-01-10,"425,S-4,425,425,425,425,425",7
150,0001023139,EAGLE BROADBAND INC,3663,2000-09-18,2000-12-28,"425,S-4,425,425,S-4/A",5
151,0001024047,LARSCOM INC,3669,2003-03-18,2004-07-28,"425,425,425,425,425,425,425,425,425,S-4,425,425,S-4/A,425,425,425,425,425,425,425,425,425,425,425,425,425,425,425,425,425,425",31
152,0001024339,CREDIT MANAGEMENT SOLUTIONS INC,7371,2001-01-31,2001-01-31,425,1
153,0001027278,APEX INC,3577,2000-03-08,2000-06-02,"425,425,425,425,425,425,425,425,425,425,425",11
154,0001028461,COVANSYS CORP,7371,1997-09-30,1998-06-09,"S-4,S-4",2
155,0001028584,"AMICAS, Inc.",7372,1997-01-28,1997-07-08,"S-4,S-4/A,S-4/A,S-4",4
156,0001028584,"AMICAS, Inc.",7372,1999-09-27,2001-06-18,"S-4,S-4,S-4/A,S-4,S-4/A,S-4/A,S-4/A",7
157,0001028584,"AMICAS, Inc.",7372,2010-07-28,2011-10-28,"S-4,S-4/A,S-4,S-4/A,S-4/A",5
158,0001031951,COPPER MOUNTAIN NETWORKS INC,3661,2005-02-14,2005-05-20,"425,425,425,425,425,425,425,425,425,425,425,425,425,425,425",15
159,0001035881,GENERAL INSTRUMENT CORP,3663,1997-03-21,1997-06-13,"S-4,S-4/A,S-4/A,S-4/A,S-4/A",5
160,0001035884,COMMSCOPE INC,3663,1997-03-21,1997-06-13,"S-4,S-4/A,S-4/A,S-4/A,S-4/A",5
161,0001035884,COMMSCOPE INC,3663,2007-06-27,2007-12-10,"425,425,425,425,425,425,425,425,425,425,S-4,425,425,425,S-4/A,S-4/A,425,425,S-4/A,425,425,425,425",23
162,0001037186,ARIS CORP/,7370,1998-05-05,1998-05-29,"S-4,S-4/A,S-4/A",3
163,0001037186,ARIS CORP/,7370,1999-08-05,1999-08-05,S-4,1
164,0001039198,ARROWPOINT COMMUNICATIONS INC,7370,2000-05-05,2000-05-05,"425,425,425",3
165,0001040570,"GeoEye, Inc.",4899,1998-04-07,1999-06-25,"S-4,S-4/A,S-4/A,S-4/A,S-4,S-4/A",6
166,0001040570,"GeoEye, Inc.",4899,2006-06-21,2006-07-31,"S-4,S-4/A",2
167,0001040570,"GeoEye, Inc.",4899,2010-07-01,2010-07-15,"S-4,S-4/A",2
168,0001040570,"GeoEye, Inc.",4899,2012-07-23,2013-01-09,"425,425,425,425,425,425,425,425,425,425,425,425,425,425,425,425,425,425,425,425,425,425,425,425,425,425,425",27
169,0001042642,DISH DBS CORP,4899,1997-07-23,1997-10-03,"S-4,S-4/A,S-4/A",3
170,0001042642,DISH DBS CORP,4899,1999-01-28,1999-07-21,"S-4,S-4/A,S-4/A,S-4/A,S-4/A,S-4/A",6
171,0001042642,DISH DBS CORP,4899,2002-06-26,2002-09-27,"S-4,S-4,S-4/A,S-4/A",4
172,0001042642,DISH DBS CORP,4899,2004-03-30,2005-04-01,"S-4,S-4/A,S-4,S-4/A",4
173,0001042642,DISH DBS CORP,4899,2006-08-14,2006-11-13,"S-4,S-4/A,S-4,S-4/A",4
174,0001042642,DISH DBS CORP,4899,2008-06-03,2008-06-11,"S-4,S-4/A",2
175,0001042642,DISH DBS CORP,4899,2009-08-21,2009-11-17,"S-4,S-4",2
176,0001042642,DISH DBS CORP,4899,2011-07-01,2013-07-19,"S-4,S-4/A,S-4,S-4/A,S-4,S-4/A,S-4",7
177,0001042642,DISH DBS CORP,4899,2014-12-18,2014-12-18,S-4,1
178,0001042642,DISH DBS CORP,4899,2016-08-26,2016-08-26,S-4,1
179,0001042642,DISH DBS CORP,4899,2020-08-19,2021-07-23,"S-4,S-4,S-4/A,S-4/A",4
180,0001043533,ABOVENET INC,4899,1999-01-25,1999-08-05,"S-4,S-4/A,S-4/A,S-4",4
181,0001043533,ABOVENET INC,4899,2000-10-10,2001-01-26,"425,425,S-4,S-4/A,S-4/A",5
182,0001043533,ABOVENET INC,4899,2012-07-12,2012-07-12,S-4,1
183,0001044314,JORDAN TELECOMMUNICATION PRODUCTS INC,3669,1997-08-29,1997-11-04,"S-4,S-4/A,S-4/A",3
184,0001044660,MMC NETWORKS INC,3577,2000-08-28,2000-10-11,"425,425",2
185,0001048982,ARTISAN COMPONENTS INC,3674,2004-08-23,2004-12-23,"425,425,425,425,425,425,425,425,425,425,425,425,425,425,425,425",16
186,0001052196,DSET CORP,7371,2001-06-27,2002-01-31,"425,425,425,S-4,425,425,425,425,S-4/A,425,425,425,425,425,425,S-4/A,425,S-4/A,425,S-4/A,425,S-4/A,425,425,425,425,425,425",28
187,0001052327,CLICK2LEARN INC/DE/,7371,2003-10-21,2004-03-18,"425,425,425,425,425,425,425,425,425,425,425,425,425,425,425,425",16
188,0001052946,FWT INC,3663,1998-01-15,1998-03-13,"S-4,S-4/A,S-4/A,S-4/A",4
189,0001054374,BROADCOM CORP,3674,2011-07-25,2011-08-18,"S-4,S-4/A",2
190,0001054374,BROADCOM CORP,3674,2013-03-29,2013-04-05,"S-4,S-4/A",2
191,0001054374,BROADCOM CORP,3674,2015-05-28,2016-01-26,"425,425,425,425,425,425,425,425,425,425,425,425,425,425,425,425,425,425,425,425,425,425,425,425,425,425,425,425,425,425,425,425,425,425,425",35
192,0001054374,BROADCOM CORP,3674,2017-12-21,2017-12-21,S-4,1
193,0001054374,BROADCOM CORP,3674,2020-06-26,2020-06-26,S-4,1
194,0001056751,21ST CENTURY TELECOM GROUP INC,4899,1998-03-03,1998-05-14,"S-4,S-4/A,S-4/A,S-4/A,S-4/A",5
195,0001056794,AVANEX CORP,3674,2002-03-19,2002-08-13,"425,425,S-4,425,425,425,425,425,S-4/A,425,425,425,S-4/A,S-4/A,S-4/A,S-4/A,425,425,425,425,425,425,425,425,425,425,425,425,425,425",30
196,0001056794,AVANEX CORP,3674,2009-01-27,2009-04-22,"425,425,425,425,425,425,425,425,425,425,425,425,425,425,425,425,425,425,425,425,425,425",22
197,0001057207,IVI CHECKMATE CORP,3577,1998-05-26,1998-05-26,S-4,1
198,0001057207,IVI CHECKMATE CORP,3577,1999-07-26,2000-05-03,"S-4,S-4/A,S-4/A,S-4/A,S-4/A,S-4/A",6
199,0001057257,DIGITAL FUSION INC/NJ/,7370,2000-07-31,2000-11-13,"425,425,425,425,425,425,425,425",8
200,0001057997,ARM HOLDINGS PLC,3674,2004-08-23,2004-12-23,"425,425,425,425,425,425,425,425,425,425,425,425,425,425,425,425",16
201,0001059161,HYGIENETICS ENVIRONMENTAL SERVICES INC,3663,1999-01-07,1999-01-20,"S-4,S-4/A",2
202,0001059161,HYGIENETICS ENVIRONMENTAL SERVICES INC,3663,2002-09-18,2005-11-23,"S-4,S-4,S-4,S-4,S-4",5
203,0001060824,COSINE COMMUNICATIONS INC,3576,2005-01-10,2005-04-28,"425,425,425,425,425,425,425,425,425,425,425",11
204,0001063880,CAPROCK COMMUNICATIONS CORP,4899,1998-06-22,1999-07-30,"S-4,S-4/A,S-4/A,S-4,S-4/A,S-4,S-4/A",7
205,0001063880,CAPROCK COMMUNICATIONS CORP,4899,2000-10-03,2000-11-03,"425,425,425,425,425",5
206,0001068343,AZTEK INC,7371,1998-08-20,1999-08-13,"S-4,S-4/A,S-4/A,S-4/A,S-4/A,S-4/A,S-4/A",7
207,0001068885,NETSILICON INC,3577,2001-10-30,2002-02-04,"425,425,425,425,425,425,425,425,425,425,425,425,425,425",14
208,0001072881,DAVEL COMMUNICATIONS INC,4899,1998-11-20,1998-11-20,S-4,1
209,0001072881,DAVEL COMMUNICATIONS INC,4899,2002-02-21,2002-07-11,"425,425,S-4,425,425,S-4/A,425",7
210,0001075314,"ABOUT, INC.",7370,2000-10-30,2001-01-08,"425,425,425,425,425,425",6
211,0001075314,"ABOUT, INC.",7370,2013-05-03,2014-01-24,"S-4,S-4/A,S-4,S-4/A",4
212,0001075656,"iGo, Inc.",3577,2002-05-13,2002-08-07,"S-4,S-4/A,425",3
213,0001076371,HENSCHEL INC,3663,1999-01-07,1999-01-20,"S-4,S-4/A",2
214,0001076371,HENSCHEL INC,3663,2002-09-18,2005-11-23,"S-4,S-4,S-4,S-4,S-4",5
215,0001081824,CARRIER1 INTERNATIONAL S A,4899,1999-03-29,1999-08-05,"S-4,S-4/A,S-4/A,S-4/A,S-4/A,S-4/A,S-4/A,S-4/A",8
216,0001082699,CC V HOLDINGS FINANCE INC,3663,1999-04-01,1999-07-22,"S-4,S-4/A,S-4/A,S-4/A",4
217,0001083802,BR HOLDING INC,3577,1999-08-09,1999-08-09,S-4,1
218,0001084587,360NETWORKS INC,4899,2001-02-23,2001-02-23,425,1
219,0001085621,Actua Corp,7371,2009-10-13,2009-10-13,S-4,1
220,0001086745,"Fabric.AI, Inc.",4899,2017-09-06,2018-01-17,"425,425,425,S-4,425,425,425,S-4/A,425,S-4/A,425,S-4/A,425,425,425,425,425",17
221,0001086745,"Fabric.AI, Inc.",4899,2020-02-14,2020-05-26,"S-4,S-4/A,425,425,425",5
222,0001087022,ALR TECHNOLOGIES INC.,3669,2022-10-03,2022-10-03,"425,425",2
223,0001088242,ELASTIC NETWORKS INC,3661,2001-12-28,2002-03-05,"425,425,425,425,425,425,425,425,425,425,425,425",12
224,0001088454,NETSCREEN TECHNOLOGIES INC,3576,2004-02-09,2004-04-16,"425,425,425,425,425,425,425,425,425,425,425,425,425,425,425",15
225,0001088653,AGILE SOFTWARE CORP,7372,2001-01-29,2001-03-07,"425,425,425,425,425,425,425,425,425,425,425",11
226,0001090071,FOUNDRY NETWORKS LLC,3576,2008-07-21,2008-10-16,"425,425,425,425,425,425,425,425,425,425,425,425,425,425",14
227,0001090071,FOUNDRY NETWORKS LLC,3576,2010-06-18,2010-08-10,"S-4,S-4/A",2
228,0001090709,ANTEON CORP,7370,1999-08-09,1999-08-27,"S-4,S-4/A",2
229,0001096241,FORCE10 NETWORKS INC,3576,2007-12-26,2007-12-26,425,1
230,0001097578,CHIPPAC LUXEMBOURG SARL,3674,1999-11-24,2000-04-27,"S-4,S-4/A,S-4/A,S-4/A,S-4/A,S-4/A",6
231,0001097579,CHIPPAC LIQUIDITY MANAGEMENT LIMITED LIABILITY CO,3674,1999-11-24,2000-04-27,"S-4,S-4/A,S-4/A,S-4/A,S-4/A,S-4/A",6
232,0001097583,CHIPPAC INTERNATIONAL CO LTD,3674,1999-11-24,2000-04-27,"S-4,S-4/A,S-4/A,S-4/A,S-4/A,S-4/A",6
233,0001097641,724 SOLUTIONS INC,7372,2000-11-29,2000-12-27,"425,425,425,425,425",5
234,0001097722,ALAMOSA DELAWARE INC,3663,2000-07-31,2001-09-13,"425,425,425,S-4,S-4/A,S-4,S-4/A",7
235,0001097722,ALAMOSA DELAWARE INC,3663,2004-04-19,2004-07-14,"S-4,S-4/A",2
236,0001102056,C CUBE MICROSYSTEMS INC/DE,3674,2001-03-26,2001-06-11,"425,425,425,425,425,425,425,425,425,425",10
237,0001102384,ASAT HOLDINGS LTD,3674,2000-10-03,2000-10-12,"S-4/A,S-4/A",2
238,0001102390,ASAT FINANCE LLC,3674,2000-08-15,2000-10-12,"S-4/A,S-4/A,S-4/A",3
239,0001102394,ASAT LTD,3674,2000-10-03,2000-10-12,"S-4/A,S-4/A",2
240,0001102399,ASAT INC,3674,2000-10-03,2000-10-12,"S-4/A,S-4/A",2
241,0001102411,ASAT CAYMAN LTD,3674,2000-10-03,2000-10-12,"S-4/A,S-4/A",2
242,0001104042,ADVANCED ANALOGIC TECHNOLOGIES INC,3674,2011-05-26,2011-11-10,"425,425,425,425,425,425,425,425,425,425,425,425,425,425,425,425,425,425,425,425,425,425,425,425,425,425,425,425",28
243,0001107194,CENTILLIUM COMMUNICATIONS INC,3661,2008-07-10,2008-10-17,"425,425,425,425,425,425,425,425,425,425,425,425,425,425,425,425,425,425",18
244,0001107721,ACTIVCARD SA,7372,2002-09-25,2003-07-18,"425,425,425,425,425,425,425,425,425,425,425,425,425",13
245,0001108185,OCCAM NETWORKS INC/DE,3576,2001-11-13,2002-04-30,"425,425,425,S-4,S-4/A,425,425,S-4/A,425,425,S-4/A,425,425",13
246,0001108185,OCCAM NETWORKS INC/DE,3576,2010-09-16,2011-02-11,"425,425,425,425,425,425,425,425,425,425,425,425,425,425,425,425,425,425,425,425,425,425,425,425,425,425,425,425,425,425,425,425,425,425,425,425,425,425,425,425,425,425",42
247,0001109808,AVOCENT CORP,3577,2000-03-31,2000-06-01,"S-4,S-4/A,S-4/A,S-4/A",4
248,0001114973,ADVANCED POWER TECHNOLOGY INC,3674,2005-11-07,2006-04-13,"425,425,425,425,425",5
249,0001116152,ACCORD NETWORKS LTD,3576,2000-12-06,2000-12-19,"425,425,425,425,425,425,425,425",8
250,0001116521,AVAYA INC,3661,2002-12-23,2003-01-22,"S-4,S-4/A,S-4/A",3
251,0001116521,AVAYA INC,3661,2009-12-23,2009-12-23,S-4,1
252,0001118941,ENDWAVE CORP,3663,2011-02-07,2011-05-18,"425,425,425,425,425,425,425,425,425,425,425,425,425,425,425,425,425,425,425,425,425",21
253,0001119332,EIMO PLC,3669,2000-07-14,2001-05-25,"425,425,425,425,425,425,425,425,425,425,425,425,425,425,425,425,425",17
254,0001119769,CERAGON NETWORKS LTD,3663,2022-06-27,2022-08-18,"425,425,425,425,425,425,425,425,425,425,425,425,425,425,425,425",16
255,0001122411,"ASE Technology Holding Co., Ltd.",3674,2016-05-26,2018-04-30,"425,425,425,425,425,425,425,425,425,425,425,425,425,425,425,425,425,425,425",19
256,0001123134,CHIPMOS TECHNOLOGIES INC,3674,2015-07-17,2016-11-01,"425,425,425,425,425,425,425,425,425,425,425,425,425,425,425,425",16
257,0001125276,GENESYS SA,4899,2000-10-02,2001-03-23,"425,425,425,425,425,425,425,425,425,425,425,425,425",13
258,0001128749,GEMPLUS INTERNATIONAL SA,3669,2005-12-07,2006-05-02,"425,425,425,425,425,425,425,425,425,425,425,425,425,425",14
259,0001133478,CHIPMOS TECHNOLOGIES BERMUDA LTD,3674,2015-07-17,2016-11-01,"425,425,425,425,425,425,425,425,425,425,425,425,425,425,425,425",16
260,0001138639,Infinera Corp,3661,2015-04-09,2015-08-03,"425,425,425,425,425,425,425,S-4,425,425,S-4/A,425,S-4/A,425,425,425,425",17
261,0001138639,Infinera Corp,3661,2024-06-28,2024-09-26,"425,425,425,425,425,425,425,425,425,425,425,425,425,425,425,425,425,425,425,425,425,425,425,425,425,425,425,425,425",29
262,0001138830,AUTHENTEC INC,3674,2010-01-29,2010-07-01,"425,425,425,425,425,425,425,425,425,425,425,425,425",13
263,0001140486,ATHEROS COMMUNICATIONS INC,3674,2009-09-08,2009-11-10,"425,425,425,425,425,425,425,S-4,425,425,425,425,425,S-4/A,S-4/A,S-4/A",16
264,0001141107,ARRIS GROUP INC,3663,2007-09-24,2007-11-15,"425,425,425,S-4,425,425,425,S-4/A,425,425,425",11
265,0001141107,ARRIS GROUP INC,3663,2015-04-22,2015-12-22,"425,425,425,425,425,425,425,425,425,425,425,425,425,425,425,425,425,425,425,425,425,425,425,425,425,425,425,425,425,425,425,425",32
266,0001160241,DIGITALNET HOLDINGS INC,7371,2003-07-16,2003-11-12,"S-4,S-4/A,S-4/A,S-4/A,S-4/A,S-4/A",6
267,0001161963,AMIS HOLDINGS INC,3674,2003-02-10,2003-05-13,"S-4,S-4/A",2
268,0001161963,AMIS HOLDINGS INC,3674,2007-12-13,2008-03-14,"425,425,425,425,425,425,425,425,425,425,425,425,425,425,425,425,425,425,425,425,425,425,425,425,425,425,425,425,425,425,425,425,425,425",34
269,0001166720,IPC ACQUISITION CORP,3661,2002-02-11,2002-05-14,"S-4,S-4/A",2
270,0001175609,"CAVIUM, INC.",3674,2016-06-15,2016-08-16,"425,425,S-4,S-4/A,425,425,425",7
271,0001175609,"CAVIUM, INC.",3674,2017-11-20,2018-03-09,"425,425,425,425,425,425,425,425,425,425,425,425,425,425,425,425,425,425,425,425,425,425,425,425,425,425",26
272,0001183941,ACTIVIDENTITY CORP,7372,2002-09-25,2003-07-18,"425,S-4,S-4/A,S-4/A,S-4/A,425,425,425,425,425,S-4,S-4/A,425,425,425,425,425,425,425",19
273,0001201663,AUDIENCE INC,3674,2015-04-30,2015-05-19,"425,425,425,425,425,425,425,425,425,425",10
274,0001208208,"DIGITALGLOBE, INC.",4899,2012-07-23,2012-11-20,"425,425,425,425,425,425,S-4,425,425,425,425,425,S-4/A,S-4/A,425,425,425,425,425,425",20
275,0001208208,"DIGITALGLOBE, INC.",4899,2017-02-24,2017-08-10,"425,425,425,425,425,425,425,425,425,425,425,425,425,425,425,425,425,425,425,425,425,425,425,425,425,425,425,425,425,425,425,425,425,425,425,425,425",37
276,0001217952,AMI SEMICONDUCTOR INC,3674,2003-02-10,2003-06-24,"S-4,S-4/A,S-4/A,S-4/A,S-4/A",5
277,0001221054,AMERICAN TOWERS INC,3663,2003-04-10,2004-04-13,"S-4,S-4,S-4/A",3
278,0001260625,"CHINA SECURITY & SURVEILLANCE TECHNOLOGY, INC.",3669,2006-10-03,2006-11-07,"S-4,S-4/A",2
279,0001264388,ALPHASMART INC,7371,2005-01-25,2005-06-23,"425,425,425,425,425,425,425,425,425,425,425",11
280,0001285551,CLEARWIRE CORP,4899,2008-05-07,2008-11-24,"425,425,425,425,425,425,425,425,425,425,425,425,425,425,425,425,425,425,425,425,425,425,425",23
281,0001314170,ASG Consolidated LLC,4899,2005-03-29,2005-04-13,"S-4,S-4/A",2
282,0001323595,AMAZING TECHNOLOGIES CORP.,4899,2005-12-20,2005-12-20,425,1
283,0001327567,Palo Alto Networks Inc,3577,2025-07-30,2025-09-26,"425,425,425,425,425,425,425,425,425,425,425,425,425,S-4,425,S-4/A",16
284,0001335893,"DIRECTV Home Services, LLC",4899,2005-08-25,2005-09-14,"S-4,S-4/A",2
285,0001335893,"DIRECTV Home Services, LLC",4899,2008-09-16,2008-10-06,"S-4,S-4/A",2
286,0001335893,"DIRECTV Home Services, LLC",4899,2010-02-05,2010-05-03,"S-4,S-4/A,S-4,S-4/A",4
287,0001335893,"DIRECTV Home Services, LLC",4899,2012-03-26,2012-03-26,S-4,1
288,0001341470,"Banks.com, Inc.",7370,2012-02-28,2012-06-06,"425,425,425,425,425,425,425,S-4,425",9
289,0001342960,DIVX INC,7371,2010-06-02,2010-10-04,"425,425,425,425,425,425,425,425,425,425,425,425,425,425,425,425,425,425,425,425,425,425,425,425,425,425,425,425,425,425",30
290,0001361470,MAVENIR SYSTEMS INC,3576,2015-03-02,2015-04-27,"425,425,425,425,425,425,425,425,425,425,425,425,425,425,425,425,425,425,425,425,425,425,425",23
291,0001366868,"Globalstar, Inc.",4899,2018-04-25,2018-04-25,425,1
292,0001369639,Granahan McCourt Acquisition CORP,3663,2008-04-30,2008-10-28,"425,S-4,425,425,S-4/A,S-4/A,S-4/A,425,S-4/A,425,425,S-4/A,425,425,425",15
293,0001377789,"AVIAT NETWORKS, INC.",3663,2022-06-27,2022-08-18,"425,425,425,425,425,425,425,425,425,425,425,425,425,425,425",15
294,0001406666,"CALIX, INC",4899,2010-12-14,2011-02-11,"S-4/A,425,425",3
295,0001415404,EchoStar CORP,4899,2023-08-08,2024-11-05,"425,425,425,425,425,425,425,S-4,425,S-4/A,425,425,S-4,S-4,S-4/A,S-4/A",16
296,0001441634,Avago Technologies LTD,3674,2015-05-28,2016-01-26,"425,425,425,425,425,425,425,425,425,425,425,425,425,425,425,425,425,425",18
297,0001442505,Clearwire Corp /DE,4899,2008-08-22,2008-11-24,"S-4,425,425,425,S-4/A,S-4/A,425,425,425,425,425,425",12
298,0001463792,"Gold Torrent, Inc.",4899,2017-10-20,2018-02-22,"425,425,425",3
299,0001465112,DIRECTV,4899,2009-06-08,2009-11-12,"S-4,425,S-4/A,425,S-4/A,S-4/A,425,S-4/A,S-4/A,425,425,425,425",13
300,0001465112,DIRECTV,4899,2012-03-26,2012-03-26,S-4,1
301,0001465112,DIRECTV,4899,2014-05-19,2014-09-18,"425,425,425,425,425,425,425,425,425,425,425,425,425,425,425,425,425,425,425,425,425,425,425,425,425,425,425,425,425,425,425,425,425,425,425,425,425,425,425,425,425,425,425,425,425,425,425,425,425,425,425,425,425,425,425,425,425,425,425,425,425,425,425,425,425,425,425",67
302,0001467761,"FiEE, Inc.",3661,2024-03-13,2024-04-05,"425,425,425",3
303,0001470683,Antelope Enterprise Holdings Ltd,4899,2009-11-19,2009-11-19,425,1
304,0001487986,"Hawaiian Telcom Holdco, Inc.",4899,2017-07-10,2018-06-19,"425,425,425,425,425,425,425,425,425,425,425,425,425,425,425,425,425,425,425",19
305,0001506545,"Aspect Software Parent, Inc.",3576,2010-12-02,2011-04-01,"S-4,S-4/A,S-4/A",3
306,0001506546,Aspect Software Group Holdings Ltd.,3576,2010-12-02,2011-04-01,"S-4,S-4/A,S-4/A",3
307,0001506548,"Aspect Software, Inc.",3576,2010-12-02,2011-04-01,"S-4,S-4/A,S-4/A",3
308,0001524471,Exelis Inc.,3669,2012-05-25,2012-06-01,"S-4,S-4/A",2
309,0001524471,Exelis Inc.,3669,2015-02-06,2015-05-18,"425,425,425,425,425,425,425,425,425,425,425,425,425,425,425,425,425,425,425,425,425,425,425,425,425,425,425,425,425,425,425,425,425,425,425,425,425,425,425,425,425,425",42
310,0001590496,Aerkomm Inc.,4899,2026-01-16,2026-01-16,S-4,1
311,0001606698,"ALPINE 4 HOLDINGS, INC.",3669,2014-11-04,2015-11-25,"S-4,S-4/A,S-4/A,S-4/A,S-4/A,S-4/A,S-4/A",7
312,0001630212,Change Agents Corporation.,7371,2025-03-10,2025-09-08,"425,S-4,425,S-4/A,425,425,425,425",8
313,0001633978,Lumentum Holdings Inc.,3669,2018-03-12,2018-11-02,"425,425,425,425,425,425,425,425,S-4,S-4/A,425,425",12
314,0001633978,Lumentum Holdings Inc.,3669,2021-01-19,2021-03-23,"425,425,425,425,425,425,425,425,425,425,425,425,425,425,425,425,425,425,425,425,425,425,425",23
315,0001645494,ARRIS International plc,3663,2015-07-02,2015-09-11,"S-4/A,S-4,S-4/A,S-4/A",4
316,0001648226,Ascend Telecom Holdings Ltd,4899,2015-07-23,2015-10-22,"425,425,425,425,425,425,425,425,425,425,425",11
317,0001649338,Broadcom Pte. Ltd.,3674,2015-07-29,2015-09-25,"S-4,S-4/A,S-4/A,S-4/A",4
318,0001649338,Broadcom Pte. Ltd.,3674,2017-11-02,2018-03-13,"425,425,425,425,425,425,425,425,425,425,425,S-4,425,425,425,425,425,425,425,425,425,425,425,425,425,425,425,425,425,425,425,425,425,425,425,425,425,425,425,425,425,425,425,425,425,425,425,425,425,425,425,425,425",53
319,0001649345,Broadcom Cayman L.P.,3674,2015-07-29,2015-09-25,"S-4,S-4/A,S-4/A,S-4/A",4
320,0001649345,Broadcom Cayman L.P.,3674,2017-11-02,2018-03-13,"425,425,425,425,425,425,425,425,425,425,S-4,425,425,425,425,425,425,425,425,425,425,425,425,425,425,425,425,425,425,425,425,425,425,425,425,425,425,425,425,425,425,425,425,425,425,425,425,425,425,425,425",51
321,0001652866,Ability Inc.,3669,2015-09-10,2015-11-30,"425,425,S-4,425,425,S-4/A,425,425,S-4/A,425,S-4/A,425",12
322,0001730168,Broadcom Inc.,3674,2018-02-06,2018-02-23,"S-4,S-4/A",2
323,0001730168,Broadcom Inc.,3674,2020-06-26,2020-06-26,S-4,1
324,0001730168,Broadcom Inc.,3674,2022-05-26,2023-10-30,"425,425,425,425,425,425,425,425,425,425,425,425,425,425,S-4,425,S-4/A,425,425,425,425,425,425,S-4/A,425,425,425,425,425,425,425,425,425,425,425,425,425,425,425,425,425,425,425,425,425,425,425,425,425,425,425,425,425,425,425,425,425,425,425",59
325,0001730168,Broadcom Inc.,3674,2025-09-10,2026-06-09,"S-4,S-4,S-4,S-4",4
326,0001734520,Alithya Group inc,7370,2018-03-16,2018-10-30,"425,425,425,425,425,425,425,425,425,425",10
327,0001751008,AppLovin Corp,7370,2022-08-09,2022-08-11,"425,425",2
328,0001753539,BlackSky Technology Inc.,3663,2021-02-18,2021-09-07,"425,425,425,425,425,425,425,425,425,425,425,425,425,425,425,S-4,425,425,425,S-4/A,425,425,425,425,S-4/A,425,425,425,425,425,S-4/A,425,425,425,425,425,425,425,425,425,425,425,425",43
329,0001774155,BTRS Holdings Inc.,7371,2020-10-19,2021-12-21,"425,425,425,425,425,425,425,425,425,425,425,425,S-4,425,S-4/A,425,S-4/A,425,S-4/A,425,425,425,425,S-4,425,425",26
330,0001805385,"Evolv Technologies Holdings, Inc.",3577,2021-03-08,2021-06-29,"425,425,425,425,425,425,425,425,425,425,425,425,425,425,425,425,425,425,425,425,425,425,425,S-4,425,425,425,425,425,425,S-4/A,425,425,425,425,S-4/A,425,425,425,425,425,425",42
331,0001816613,Markforged Holding Corp,3577,2021-02-24,2021-07-09,"425,425,S-4,S-4/A,425,425,425,425,425,425,S-4/A,425,425,425,425,425,425,425,425,425,425,425",22
332,0001823882,Airspan Networks Holdings Inc.,3663,2021-03-08,2021-07-20,"425,425,425,425,425,425,425,425,S-4,425,425,425,425,425,425,425,425,425,S-4/A,425,425,425,S-4/A,S-4/A",24
333,0001828972,"BuzzFeed, Inc.",4899,2021-06-24,2021-11-19,"425,S-4,425,S-4/A,425,425,S-4/A,425,S-4/A,S-4/A,S-4/A,425,425,425",14
334,0001838672,"AdTheorent Holding Company, Inc.",7370,2021-07-27,2021-12-21,"425,425,425,425,425,425,S-4,425,425,425,425,S-4/A,S-4/A,S-4/A,S-4/A,425,S-4/A,425,S-4/A,S-4/A,425,425,425,425,425,425,425,425,425,425,425,425",32
335,0001842566,"Airship AI Holdings, Inc.",7372,2023-03-10,2023-12-18,"425,425,425,425,S-4,425,S-4/A,S-4/A,S-4/A,425,425,425,425",13
336,0001865111,Alpha Star Acquisition Corp,7372,2024-09-13,2025-05-07,"425,425",2
337,0001868419,"Cycurion, Inc.",7371,2022-11-23,2025-02-14,"425,425,S-4,S-4/A,S-4/A,S-4/A,S-4/A,S-4/A,S-4/A,S-4/A,425,425,425",13
338,0001871638,"Blaize Holdings, Inc.",3674,2023-12-22,2024-12-06,"425,425,425,425,425,425,425,425,425,S-4,S-4/A,S-4/A,S-4/A,S-4/A,S-4/A,S-4/A,425",17
339,0001871983,Anghami Inc,4899,2021-10-15,2022-01-03,"425,425,425,425",4
340,0001880346,"ACORN HOLDCO, INC.",3661,2021-08-30,2022-07-06,"425,425,425,425,425,S-4,S-4/A,425,425,S-4/A,S-4/A,425,425,425,425,425,425,425,425,425,425,425,425,425,425,425,425,425,425,425,425,425,425,425,425,425,425,425",38
341,0001897982,"Aspen Technology, Inc.",7371,2022-01-11,2022-05-04,"S-4,S-4/A,S-4/A,S-4/A,S-4/A,425",6
342,0001905660,Hub Cyber Security Ltd.,3576,2022-03-23,2023-02-03,"425,425,425,425,425,425,425,425,425,425,425,425,425,425,425,425,425",17
343,0001949289,CXApp Holding Corp.,7370,2023-02-28,2023-02-28,425,1
344,0002013807,Foxx Development Holdings Inc.,3576,2024-06-28,2024-07-19,"S-4,S-4/A",2
345,0002030578,"Blaize, Inc.",3674,2024-07-19,2024-11-26,"425,S-4,S-4/A,S-4/A,S-4/A,S-4/A,S-4/A,S-4/A",8
346,0002034400,Black Titan Corp,7371,2025-10-03,2025-10-03,425,1
347,0002042648,Nidar Infrastructure Ltd,3576,2024-12-02,2024-12-02,425,1
